{"$schema":"http://schema.management.azure.com/schemas/2015-01-01/deploymentTemplate.json#","contentVersion":"1.0.0.0","parameters":{"factoryName":{"type":"string","metadata":"Data Factory name"},"Datalabricks":{"type":"string"},"SapTable":{"type":"string"},"AzureDataLakeStorage":{"type":"string"}},"variables":{"factoryId":"[concat('Microsoft.DataFactory/factories/', parameters('factoryName'))]"},"resources":[{"name":"[concat(parameters('factoryName'), '/ADR6_TEMPLATE_MAWE')]","type":"Microsoft.DataFactory/factories/pipelines","apiVersion":"2018-06-01","properties":{"activities":[{"name":"sap_transient_ADR6_KNA1","type":"Copy","dependsOn":[],"policy":{"timeout":"0.05:00:00","retry":5,"retryIntervalInSeconds":60,"secureOutput":false,"secureInput":false},"userProperties":[],"typeProperties":{"source":{"type":"SapTableSource","additionalColumns":[{"name":"DATA_EXTRACAO","value":{"value":"@{formatDateTime(utcnow(), 'yyyyMMdd')}","type":"Expression"}}],"rfcTableOptions":"","customRfcReadTableFunctionModule":"ZRFC_READ_TABLE2","rfcTableFields":"","partitionOption":"PartitionOnCalendarDate","partitionSettings":{"partitionColumnName":"ERDAT","partitionUpperBound":{"value":"@{formatDateTime(subtractFromTime(utcnow(), 1, 'Day'), 'yyyyMMdd')}","type":"Expression"},"partitionLowerBound":{"value":"@{formatDateTime(subtractFromTime(utcnow(), 1, 'Day'), 'yyyyMMdd')}","type":"Expression"},"maxPartitionsNumber":1},"sapDataColumnDelimiter":""},"sink":{"type":"DelimitedTextSink","storeSettings":{"type":"AzureBlobFSWriteSettings"},"formatSettings":{"type":"DelimitedTextWriteSettings","quoteAllText":true,"fileExtension":".csv"}},"enableStaging":false,"translator":{"type":"TabularTranslator","typeConversion":true,"typeConversionSettings":{"allowDataTruncation":false,"treatBooleanAsNumber":false}}},"inputs":[{"referenceName":"SapTableResource","type":"DatasetReference","parameters":{"tableName":{"value":"ADR6_KNA1","type":"Expression"}}}],"outputs":[{"referenceName":"DelimitedText","type":"DatasetReference","parameters":{"directory":{"value":"@concat('SAP/Coletado/ADR6_TEMPLATE/', formatDateTime(subtractFromTime(utcnow(), 1, 'Day'), 'yyyy'))","type":"Expression"}}}]},{"name":"sap_transient_ADR6_CDPOS","type":"Copy","dependsOn":[{"activity":"sap_transient_ADR6_KNA1","dependencyConditions":["Succeeded"]}],"policy":{"timeout":"0.05:00:00","retry":5,"retryIntervalInSeconds":60,"secureOutput":false,"secureInput":false},"userProperties":[],"typeProperties":{"source":{"type":"SapTableSource","additionalColumns":[{"name":"DATA_EXTRACAO","value":{"value":"@{formatDateTime(utcnow(), 'yyyyMMdd')}","type":"Expression"}}],"rfcTableOptions":"","customRfcReadTableFunctionModule":"ZRFC_READ_TABLE2","rfcTableFields":"","partitionOption":"PartitionOnCalendarDate","partitionSettings":{"partitionColumnName":"UDATE","partitionUpperBound":{"value":"@{formatDateTime(subtractFromTime(utcnow(), 1, 'Day'), 'yyyyMMdd')}","type":"Expression"},"partitionLowerBound":{"value":"@{formatDateTime(subtractFromTime(utcnow(), 1, 'Day'), 'yyyyMMdd')}","type":"Expression"},"maxPartitionsNumber":1},"sapDataColumnDelimiter":""},"sink":{"type":"DelimitedTextSink","storeSettings":{"type":"AzureBlobFSWriteSettings"},"formatSettings":{"type":"DelimitedTextWriteSettings","quoteAllText":true,"fileExtension":".csv"}},"enableStaging":false,"translator":{"type":"TabularTranslator","typeConversion":true,"typeConversionSettings":{"allowDataTruncation":false,"treatBooleanAsNumber":false}}},"inputs":[{"referenceName":"SapTableResource","type":"DatasetReference","parameters":{"tableName":{"value":"ADR6_CDPOS","type":"Expression"}}}],"outputs":[{"referenceName":"DelimitedText","type":"DatasetReference","parameters":{"directory":{"value":"@concat('SAP/Coletado/ADR6_TEMPLATE/', formatDateTime(subtractFromTime(utcnow(), 1, 'Day'), 'yyyy'))","type":"Expression"}}}]},{"name":"bronze","type":"DatabricksNotebook","dependsOn":[{"activity":"sap_transient_ADR6_CDPOS","dependencyConditions":["Succeeded"]}],"policy":{"timeout":"0.12:00:00","retry":0,"retryIntervalInSeconds":30,"secureOutput":false,"secureInput":false},"userProperties":[],"typeProperties":{"notebookPath":"/Shared/Lakehouse/CARGA_DE_TABELAS/BRONZE/SAP/ADR6"},"linkedServiceName":{"referenceName":"[parameters('Datalabricks')]","type":"LinkedServiceReference"}},{"name":"silver","type":"DatabricksNotebook","dependsOn":[{"activity":"bronze","dependencyConditions":["Succeeded"]}],"policy":{"timeout":"0.12:00:00","retry":0,"retryIntervalInSeconds":30,"secureOutput":false,"secureInput":false},"userProperties":[],"typeProperties":{"notebookPath":"/Shared/Lakehouse/CARGA_DE_TABELAS/SILVER/SAP/EMAIL_CLIENTES"},"linkedServiceName":{"referenceName":"[parameters('Datalabricks')]","type":"LinkedServiceReference"}}],"policy":{"elapsedTimeMetric":{},"cancelAfter":{}},"folder":{"name":"ingestion/sap"},"annotations":[],"lastPublishTime":"2022-09-16T19:59:12Z"},"dependsOn":["[concat(variables('factoryId'), '/datasets/SapTableResource')]","[concat(variables('factoryId'), '/datasets/DelimitedText')]"]},{"name":"[concat(parameters('factoryName'), '/SapTableResource')]","type":"Microsoft.DataFactory/factories/datasets","apiVersion":"2018-06-01","properties":{"linkedServiceName":{"referenceName":"[parameters('SapTable')]","type":"LinkedServiceReference"},"parameters":{"tableName":{"type":"string"}},"annotations":[],"type":"SapTableResource","schema":[],"typeProperties":{"tableName":{"value":"@dataset().tableName","type":"Expression"}}},"dependsOn":[]},{"name":"[concat(parameters('factoryName'), '/DelimitedText')]","type":"Microsoft.DataFactory/factories/datasets","apiVersion":"2018-06-01","properties":{"linkedServiceName":{"referenceName":"[parameters('AzureDataLakeStorage')]","type":"LinkedServiceReference"},"parameters":{"directory":{"type":"string"}},"annotations":[],"type":"DelimitedText","typeProperties":{"location":{"type":"AzureBlobFSLocation","folderPath":{"value":"@dataset().directory","type":"Expression"},"fileSystem":"0-transient"},"columnDelimiter":"|","rowDelimiter":"\n","escapeChar":"\\","firstRowAsHeader":true,"quoteChar":""},"schema":[]},"dependsOn":[]}]}